<application>
  <component name="AndroidLogcatFilterHistory">
    <option name="mostRecentlyUsed" value="package:mine  tag:TvBaseFragment" />
    <option name="nonFavorites">
      <list>
        <option value="package:mine tag:zzz" />
        <option value="package:mine TicketValidationFr " />
        <option value="package:mine  tag:TicketValidationCartFragment " />
        <option value="package:mine  tag:Fragment" />
        <option value="package:mine " />
        <option value="package:mine tag:LockScreen tag:NfcCompl" />
        <option value="package:mine tag:LockScreen tag:NfcCo" />
        <option value="package:mine tag:LockScreen" />
        <option value="package:mine tag:LockS " />
        <option value="package:mine tag:access tag:zzz " />
        <option value="package:mine tag:access " />
        <option value="package:mine tag:NPayRedVino " />
        <option value="package:mine tag:ProjectDataUpdater " />
        <option value="package:mine tag:ProjectDataUpdater taf" />
        <option value="package:mine tag:Project" />
        <option value="package:mine level" />
        <option value="package:mine tag:NetworkService " />
        <option value="package:mine tag:NetworkService tag:NetworkUtilities  " />
        <option value="package:mine tag:NetworkService tag:Netw " />
        <option value="package:mine tag:NetworkService tag:SudoShell " />
      </list>
    </option>
  </component>
</application>