<application>
  <component name="BuildProcessSatisfactionSurveyStore">
    <option name="daysWithGradleBuilds" value="119" />
    <option name="firstKotlinGradleBuildTime" value="1727951523" />
    <option name="lastKotlinGradleBuildTime" value="1746444893" />
    <option name="nextCountedGradleBuild" value="1746529034" />
  </component>
  <component name="KotlinNewUserTracker">
    <option name="firstKtFileOpened" value="1714636545" />
    <option name="lastKtFileOpened" value="1746469557" />
    <option name="newKtUserSince" value="1714636545" />
  </component>
</application>