<application>
  <component name="CachedDictionaryState">
    <words>
      <w>abcd</w>
      <w>accre</w>
      <w>colorworks</w>
      <w>desfire</w>
      <w>evolis</w>
      <w>geupdated</w>
      <w>julnisch</w>
      <w>nifdex</w>
      <w>npay</w>
      <w>nullpointer</w>
      <w>packetversion</w>
      <w>postpay</w>
      <w>prepsite</w>
      <w>snackbar</w>
      <w>tagid</w>
      <w>tecs</w>
      <w>topup</w>
      <w>unitialized</w>
      <w>unnedig</w>
    </words>
  </component>
</application>