<application>
  <component name="AndroidLogcatFilterHistory">
    <option name="mostRecentlyUsed" value="package:mine is:crash is:stacktrace  " />
    <option name="nonFavorites">
      <list>
        <option value="package:mine is:crash is:stacktrace  " />
        <option value="package:mine is:crash is:stacktrace " />
        <option value="tag:zzz" />
        <option value="package:mine tag:zzz" />
        <option value="package:mine  is:stacktrace " />
        <option value="package:mine  " />
        <option value="package:mine" />
        <option value="package:mine collected" />
        <option value="package:mine collec" />
        <option value="package:mine " />
        <option value="package:mine  is:stacktrace is:crash " />
        <option value="package:mine tag:zzz " />
        <option value="package:mine tag:hanguk tag:zzz" />
        <option value="package:mine tag:hanguk" />
        <option value="is:stacktrace package:mine " />
        <option value="package:mine  tag:zzz tag:S " />
        <option value="package:mine is:stacktrace " />
        <option value="package:mine Six ter" />
        <option value="package:mine tag:zzz tag:HardwareConfig$HwConfigProvider " />
        <option value="package:mine hardware tag:zzz" />
      </list>
    </option>
  </component>
</application>