<application>
  <component name="AndroidLogcatSettings">
    <option name="bufferSize" value="2097152" />
    <option name="ignoredTags">
      <set>
        <option value="MifareProductIdentifier" />
        <option value="ProvisionV2Executor" />
        <option value="AmqpClient" />
        <option value="ProvisionV2Executor$start" />
        <option value="JS:error" />
        <option value="ScriptEngine" />
        <option value="ShortId" />
      </set>
    </option>
  </component>
</application>