<keymap version="1" name="XWin copy" parent="Default for XWin">
  <action id="$Undo">
    <keyboard-shortcut first-keystroke="alt back_space" />
  </action>
  <action id="ActivateTerminalToolWindow" />
  <action id="ClassNameCompletion" />
  <action id="CollapseAllRegions">
    <keyboard-shortcut first-keystroke="alt subtract" />
  </action>
  <action id="ContextHelp" />
  <action id="EditorChooseLookupItem">
    <keyboard-shortcut first-keystroke="ctrl z" />
    <keyboard-shortcut first-keystroke="ctrl y" />
  </action>
  <action id="EditorChooseLookupItemReplace">
    <keyboard-shortcut first-keystroke="ctrl z" />
    <keyboard-shortcut first-keystroke="ctrl y" />
  </action>
  <action id="EditorDecreaseFontSizeGlobal">
    <mouse-shortcut keystroke="control button142" />
  </action>
  <action id="EditorDeleteLine" />
  <action id="EditorIncreaseFontSizeGlobal">
    <mouse-shortcut keystroke="control button143" />
  </action>
  <action id="ExpandAllRegions">
    <keyboard-shortcut first-keystroke="alt add" />
  </action>
  <action id="InsertInlineCompletionAction">
    <keyboard-shortcut first-keystroke="ctrl y" />
    <keyboard-shortcut first-keystroke="ctrl z" />
  </action>
  <action id="MoveTabRight">
    <keyboard-shortcut first-keystroke="alt space" />
  </action>
  <action id="NextSplitter">
    <keyboard-shortcut first-keystroke="alt tab" />
  </action>
  <action id="NextTab" />
  <action id="OpenInRightSplit">
    <mouse-shortcut keystroke="shift button1" />
  </action>
  <action id="OpenInlineChatAction">
    <keyboard-shortcut first-keystroke="shift ctrl g" />
  </action>
  <action id="PreviousTab" />
  <action id="ReopenClosedTab">
    <keyboard-shortcut first-keystroke="ctrl alt r" />
  </action>
  <action id="SplitVertically">
    <keyboard-shortcut first-keystroke="shift ctrl space" />
  </action>
  <action id="Terminal.OpenInTerminal">
    <keyboard-shortcut first-keystroke="alt n" />
  </action>
  <action id="UnsplitAll">
    <keyboard-shortcut first-keystroke="shift alt space" />
  </action>
  <action id="UpdateRunningApplication" />
  <action id="android.deploy.ApplyChanges">
    <keyboard-shortcut first-keystroke="ctrl f10" />
  </action>
  <action id="android.deploy.CodeSwap">
    <keyboard-shortcut first-keystroke="ctrl alt f10" />
  </action>
  <action id="com.sburlyaev.cmd.plugin.actions.OpenInTerminal">
    <keyboard-shortcut first-keystroke="shift alt enter" />
  </action>
  <action id="copilot.applyInlays">
    <keyboard-shortcut first-keystroke="ctrl z" />
    <keyboard-shortcut first-keystroke="ctrl y" />
  </action>
  <action id="copilot.disposeInlays" />
</keymap>