<application>
  <component name="AndroidLogcatSettings">
    <option name="bufferSize" value="2097152" />
    <option name="ignoredTags">
      <set>
        <option value="AndroidMifareUltralightCChip" />
        <option value="AmqpService" />
        <option value="CellStateManager" />
        <option value="UclSimpleReaderCommands" />
        <option value="NetworkService$initialize" />
        <option value="ConnectivityManager" />
        <option value="NetworkManagerService" />
        <option value="AmqpClient" />
        <option value="BlockingNfcReader" />
        <option value="ProvisionV2Executor$start" />
        <option value="AppServices" />
        <option value="WifiUtilities" />
        <option value="Profiler" />
        <option value="TrafficStats" />
        <option value="AndroidUltralightCReadPipeline" />
        <option value="HealthChecker" />
        <option value="AmqpConnectionFactory" />
        <option value="ProvisionV2Executor" />
        <option value="NfcTagReadAdapter" />
        <option value="TicketValidationCartManager" />
        <option value="JS:error" />
        <option value="ScriptEngine" />
        <option value="GetPayTtpProviderCompanionImpl$companionServiceConnection" />
        <option value="rgivingExceptionHandler" />
        <option value="MediaScannerConnection" />
        <option value="MifareProductIdentifier" />
        <option value="ShortId" />
        <option value="NetworkManagerService$WifiReceiver" />
        <option value="NpayRedVinoKeepAlive" />
        <option value="System.err" />
        <option value="CyclicUpdateHandler$callEvery4Seconds" />
        <option value="NPayRedVino" />
        <option value="Ecdsa160CryptoDataProvider" />
        <option value="Ecdsa192CryptoDataProvider" />
        <option value="GenericDataHelper" />
        <option value="RedVino$registerTopic$requestFlow$1$callback$1$pingPong" />
        <option value="CameraStateMachine" />
        <option value="dex.npay.mobile" />
        <option value="NpayType" />
      </set>
    </option>
  </component>
</application>