<application>
  <component name="com.intellij.ide.ui.customization.CustomActionsSchema">
    <group value="GoogleLogin.LoginService" is_action="true" action_type="-1" position="7">
      <path value="root" />
      <path value="Main Toolbar" />
      <path value="Right" />
    </group>
    <group value="GoogleLoginV2.LoginService" is_action="true" action_type="-1" position="6">
      <path value="root" />
      <path value="Main Toolbar" />
      <path value="Right" />
    </group>
    <group value="AndroidConnectDebuggerAction" is_action="true" action_type="-1" position="2">
      <path value="root" />
      <path value="Main Toolbar" />
      <path value="Right" />
      <path value="Android Main Toolbar Right" />
    </group>
    <group value="RunDashboard.Debug" is_action="true" action_type="-1" position="1">
      <path value="root" />
      <path value="Debug Header Toolbar" />
    </group>
  </component>
</application>