<application>
  <component name="DiffSettings">
    <option name="PLACES_MAP">
      <entry key="ActivityView">
        <PlaceSettings>
          <option name="DIFF_TOOLS_ORDER">
            <list>
              <option value="com.intellij.diff.tools.combined.CombinedSideBySideDiffTool" />
              <option value="com.intellij.diff.tools.combined.CombinedUnifiedDiffTool" />
              <option value="com.intellij.openapi.vcs.changes.patch.tool.ApplyPatchDiffTool" />
              <option value="com.intellij.openapi.vcs.changes.patch.tool.PatchDiffTool.Unified" />
              <option value="com.intellij.openapi.vcs.changes.patch.tool.PatchDiffTool.SideBySide" />
              <option value="com.intellij.diff.tools.fragmented.UnifiedDiffTool" />
              <option value="com.intellij.diff.tools.simple.SimpleDiffTool" />
              <option value="com.intellij.diff.tools.binary.BinaryDiffTool" />
              <option value="com.intellij.diff.tools.dir.DirDiffTool" />
            </list>
          </option>
        </PlaceSettings>
      </entry>
      <entry key="Default">
        <PlaceSettings>
          <option name="DIFF_TOOLS_ORDER">
            <list>
              <option value="com.intellij.diff.tools.combined.CombinedSideBySideDiffTool" />
              <option value="com.intellij.diff.tools.combined.CombinedUnifiedDiffTool" />
              <option value="com.intellij.openapi.vcs.changes.patch.tool.ApplyPatchDiffTool" />
              <option value="com.intellij.openapi.vcs.changes.patch.tool.PatchDiffTool.Unified" />
              <option value="com.intellij.openapi.vcs.changes.patch.tool.PatchDiffTool.SideBySide" />
              <option value="com.intellij.diff.tools.fragmented.UnifiedDiffTool" />
              <option value="com.intellij.diff.tools.simple.SimpleDiffTool" />
              <option value="com.intellij.diff.tools.binary.BinaryDiffTool" />
              <option value="com.intellij.diff.tools.dir.DirDiffTool" />
            </list>
          </option>
        </PlaceSettings>
      </entry>
      <entry key="TestsFiledAssertions">
        <PlaceSettings>
          <option name="DIFF_TOOLS_ORDER">
            <list>
              <option value="com.intellij.diff.tools.combined.CombinedSideBySideDiffTool" />
              <option value="com.intellij.diff.tools.combined.CombinedUnifiedDiffTool" />
              <option value="com.intellij.openapi.vcs.changes.patch.tool.ApplyPatchDiffTool" />
              <option value="com.intellij.openapi.vcs.changes.patch.tool.PatchDiffTool.Unified" />
              <option value="com.intellij.openapi.vcs.changes.patch.tool.PatchDiffTool.SideBySide" />
              <option value="com.intellij.diff.tools.fragmented.UnifiedDiffTool" />
              <option value="com.intellij.diff.tools.simple.SimpleDiffTool" />
              <option value="com.intellij.diff.tools.binary.BinaryDiffTool" />
              <option value="com.intellij.diff.tools.dir.DirDiffTool" />
            </list>
          </option>
        </PlaceSettings>
      </entry>
    </option>
  </component>
  <component name="ExternalDiffSettings">
    <option name="MIGRATE_OLD_SETTINGS" value="true" />
  </component>
  <component name="TextDiffSettings">
    <option name="PLACES_MAP">
      <entry key="TestsFiledAssertions">
        <PlaceSettings>
          <option name="HIGHLIGHT_POLICY" value="BY_WORD_SPLIT" />
        </PlaceSettings>
      </entry>
    </option>
  </component>
</application>