<application>
  <component name="BuildProcessSatisfactionSurveyStore">
    <option name="daysWithGradleBuilds" value="124" />
    <option name="firstKotlinGradleBuildTime" value="1727951523" />
    <option name="lastKotlinGradleBuildTime" value="1747216672" />
    <option name="nextCountedGradleBuild" value="1747303072" />
  </component>
  <component name="KotlinNewUserTracker">
    <option name="firstKtFileOpened" value="1714636545" />
    <option name="lastKtFileOpened" value="1747150545" />
    <option name="newKtUserSince" value="1714636545" />
  </component>
</application>